Column1,original,translation
0,"Article_NOUN_O_NN_root_1 (article)1_NUM_S-CARDINAL_CD_dep_Article (1)1
","?i?u_NOUN_O_N_root_1: (?i?u)1:_PUNCT_O_:_punct_?i?u (1:)1:
"
0,"The_DET_O_DT_det_Purposes (the)Purposes_PROPN_O_NNPS_nsubj_are (Purposes)of_ADP_O_IN_case_Nations (of)the_DET_B-ORG_DT_det_Nations (the)United_ADJ_I-ORG_NNP_amod_Nations (United)Nations_PROPN_E-ORG_NNPS_nmod_Purposes (Nation)are_VERB_O_VBP_root_: (be):_PUNCT_O_:_punct_are (:):
","M?c ?ích_NOUN_O_N_root_là: (M?c ?ích)c?a_ADP_O_Pre_case_Liên (c?a)Liên_SYM_B-ORGANIZATION_Z_nmod:poss_M?c ?ích (Liên)h?p qu?c_PROPN_E-ORGANIZATION_NNP_compound_Liên (h?p qu?c)là:_PUNCT_O_._punct_M?c ?ích (là:)là:
"
0,"To_PART_O_TO_mark_maintain (to)maintain_VERB_O_VB_root_, (maintain)international_ADJ_O_JJ_amod_peace (international)peace_NOUN_O_NN_obj_maintain (peace)and_CCONJ_O_CC_cc_security (and)security_NOUN_O_NN_conj_peace (security),_PUNCT_O_,_punct_end (,)and_CCONJ_O_CC_cc_end (and)to_ADP_O_IN_case_end (to)that_DET_O_DT_det_end (that)end_NOUN_O_NN_conj_peace (end):_PUNCT_O_:_punct_take (:)to_PART_O_TO_mark_take (to)take_VERB_O_VB_conj_maintain (take)effective_ADJ_O_JJ_amod_measures (effective)collective_ADJ_O_JJ_amod_measures (collective)measures_NOUN_O_NNS_obj_take (measure)for_ADP_O_IN_case_prevention (for)the_DET_O_DT_det_prevention (the)prevention_NOUN_O_NN_nmod_measures (prevention)and_CCONJ_O_CC_cc_removal (and)removal_NOUN_O_NN_conj_prevention (removal)of_ADP_O_IN_case_threats (of)threats_NOUN_O_NNS_nmod_prevention (threat)to_ADP_O_IN_case_peace (to)the_DET_O_DT_det_peace (the)peace_NOUN_O_NN_nmod_threats (peace),_PUNCT_O_,_punct_suppression (,)and_CCONJ_O_CC_cc_suppression (and)for_ADP_O_IN_case_suppression (for)the_DET_O_DT_det_suppression (the)suppression_NOUN_O_NN_conj_prevention (suppression)of_ADP_O_IN_case_acts (of)acts_NOUN_O_NNS_nmod_suppression (act)of_ADP_O_IN_case_aggression (of)aggression_NOUN_O_NN_nmod_acts (aggression)or_CCONJ_O_CC_cc_breaches (or)other_ADJ_O_JJ_amod_breaches (other)breaches_NOUN_O_NNS_conj_acts (breach)of_ADP_O_IN_case_peace (of)the_DET_O_DT_det_peace (the)peace_NOUN_O_NN_nmod_breaches (peace),_PUNCT_O_,_punct_maintain (,),
","Duy_VERB_O_V_root_ng?a (Duy)trì_VERB_O_V_xcomp_Duy (trì)hoà bình_NOUN_O_N_obj_trì (hoà bình)và_CCONJ_O_CC_cc_an ninh (và)an ninh_NOUN_O_N_conj_hoà bình (an ninh)qu?c t?,_NOUN_O_N_compound_an ninh (qu?c t?,)và_CCONJ_O_CC_cc_??t (và)??_ADP_O_Pre_mark:pcomp_??t (??)??t_VERB_O_V_advcl:objective_Duy (??t)???c_ADV_O_Adv_advmod_??t (???c)m?c ?ích ?ó,_NOUN_O_N_obj_??t (m?c ?ích ?ó,)thi hành_VERB_O_V_acl:subj_m?c ?ích ?ó, (thi hành)nh?ng_DET_O_Det_det_bi?n pháp (nh?ng)bi?n pháp_NOUN_O_N_obj_thi hành (bi?n pháp)t?p th?_ADJ_O_Adj_amod_bi?n pháp (t?p th?)có_VERB_O_V_acl:subj_bi?n pháp (có)hi?u qu?_NOUN_O_N_obj_có (hi?u qu?)??_ADP_O_Pre_mark:pcomp_phòng (??)phòng_VERB_O_V_advcl:objective_có (phòng)ng?a_VERB_O_V_xcomp_phòng (ng?a)ng?a
"
0,"and_CCONJ_O_CC_cc_bring (and)to_PART_O_TO_mark_bring (to)bring_VERB_O_VB_root_; (bring)about_ADP_O_IN_compound:prt_bring (about)by_ADP_O_IN_case_means (by)peaceful_ADJ_O_JJ_amod_means (peaceful)means_NOUN_O_NNS_obl_bring (means),_PUNCT_O_,_punct_conformity (,)and_CCONJ_O_CC_cc_conformity (and)in_ADP_O_IN_case_conformity (in)conformity_NOUN_O_NN_conj_means (conformity)with_ADP_O_IN_case_principles (with)the_DET_O_DT_det_principles (the)principles_NOUN_O_NNS_nmod_conformity (principle)of_ADP_O_IN_case_justice (of)justice_NOUN_O_NN_nmod_principles (justice)and_CCONJ_O_CC_cc_law (and)international_ADJ_O_JJ_amod_law (international)law_NOUN_O_NN_conj_justice (law),_PUNCT_O_,_punct_adjustment (,)adjustment_NOUN_O_NN_conj_principles (adjustment)or_CCONJ_O_CC_cc_settlement (or)settlement_NOUN_O_NN_conj_adjustment (settlement)of_ADP_O_IN_case_disputes (of)international_ADJ_O_JJ_amod_disputes (international)disputes_NOUN_O_NNS_nmod_adjustment (dispute)or_CCONJ_O_CC_cc_situations (or)situations_NOUN_O_NNS_conj_disputes (situation)which_PRON_O_WDT_nsubj_lead (which)might_AUX_O_MD_aux_lead (might)lead_VERB_O_VB_acl:relcl_principles (lead)to_ADP_O_IN_case_breach (to)a_DET_O_DT_det_breach (a)breach_NOUN_O_NN_obl_lead (breach)of_ADP_O_IN_case_peace (of)the_DET_O_DT_det_peace (the)peace_NOUN_O_NN_nmod_breach (peace);_PUNCT_O_:_punct_bring (;);
","và_CCONJ_O_CC_cc_lo?i (và)lo?i_VERB_O_V_root_; (lo?i)tr?_VERB_O_V_compound:svc_lo?i (tr?)các_DET_O_Det_det_m?i (các)m?i_NOUN_O_N_obj_lo?i (m?i)?e_VERB_O_V_acl:subj_m?i (?e)d?a_NOUN_O_N_obj_?e (d?a)hoà_NOUN_O_N_nmod_d?a (hoà)bìn_NOUN_O_N_compound_hoà (bìn)h,_PUNCT_O_,_punct_c?m (h,)c?m_VERB_O_V_conj_lo?i (c?m)m?i_DET_O_Det_det_hành vi (m?i)hành vi_NOUN_O_N_obj_c?m (hành vi)xâm l??c_VERB_O_V_acl:subj_hành vi (xâm l??c)và_CCONJ_O_CC_cc_phá ho?i (và)phá ho?i_VERB_O_V_conj_xâm l??c (phá ho?i)hoà_VERB_O_V_xcomp_phá ho?i (hoà)bình_NOUN_O_N_obj_hoà (bình)khác_ADJ_O_Adj_amod_bình (khác);_PUNCT_O_;_punct_lo?i (;);
"
0,"To_PART_O_TO_mark_develop (to)develop_VERB_O_VB_root_; (develop)friendly_ADJ_O_JJ_amod_relations (friendly)relations_NOUN_O_NNS_obj_develop (relation)among_ADP_O_IN_case_nations (among)nations_NOUN_O_NNS_nmod_relations (nation)based_VERB_O_VBN_advcl_develop (base)on_ADP_O_IN_case_respect (on)respect_NOUN_O_NN_obl_based (respect)for_ADP_O_IN_case_principle (for)the_DET_O_DT_det_principle (the)principle_NOUN_O_NN_nmod_respect (principle)of_ADP_O_IN_case_rights (of)equal_ADJ_O_JJ_amod_rights (equal)rights_NOUN_O_NNS_nmod_principle (right)and_CCONJ_O_CC_cc_determination (and)self_NOUN_O_NN_compound_determination (self)-_PUNCT_O_HYPH_punct_self (-)determination_NOUN_O_NN_conj_rights (determination)of_ADP_O_IN_case_peoples (of)peoples_NOUN_O_NNS_nmod_determination (people),_PUNCT_O_,_punct_take (,)and_CCONJ_O_CC_cc_take (and)to_PART_O_TO_mark_take (to)take_VERB_O_VB_conj_develop (take)other_ADJ_O_JJ_amod_measures (other)appropriate_ADJ_O_JJ_amod_measures (appropriate)measures_NOUN_O_NNS_obj_take (measure)to_PART_O_TO_mark_strengthen (to)strengthen_VERB_O_VB_acl_measures (strengthen)universal_ADJ_O_JJ_amod_peace (universal)peace_NOUN_O_NN_obj_strengthen (peace);_PUNCT_O_:_punct_develop (;);
","Phát tri?n_VERB_O_V_root_gi?i; (Phát tri?n)m?i_NOUN_O_N_obj_Phát tri?n (m?i)quan h?_NOUN_O_N_nmod_m?i (quan h?)h?u ngh?_NOUN_O_N_compound_quan h? (h?u ngh?)gi?a_ADP_O_Pre_case_dân (gi?a)các_DET_O_Det_det_dân (các)dân_NOUN_O_N_nmod:poss_m?i (dân)t?c_NOUN_O_N_compound_dân (t?c)trên_NOUN_O_N_case_c? s? (trên)c? s?_NOUN_O_N_obl_m?i (c? s?)tôn tr?ng_VERB_O_V_acl:subj_c? s? (tôn tr?ng)nguyên t?c_NOUN_O_N_obj_tôn tr?ng (nguyên t?c)bình ??ng_ADJ_O_Adj_amod_nguyên t?c (bình ??ng)và_CCONJ_O_CC_cc_t? quy?t (và)t? quy?t_ADJ_O_Adj_conj_bình ??ng (t? quy?t)c?a_ADP_O_Pre_case_dân t?c (c?a)các_DET_O_Det_det_dân t?c (các)dân t?c_NOUN_O_N_nmod:poss_nguyên t?c (dân t?c)và_CCONJ_O_CC_cc_áp d?ng (và)áp d?ng_VERB_O_V_conj_tôn tr?ng (áp d?ng)nh?ng_DET_O_Det_det_bi?n pháp (nh?ng)bi?n pháp_NOUN_O_N_obj_áp d?ng (bi?n pháp)phù h?p khác_ADJ_O_Adj_amod_bi?n pháp (phù h?p khác)??_ADP_O_Pre_mark:pcomp_c?ng c? (??)c?ng c?_VERB_O_V_advcl:objective_bi?n pháp (c?ng c?)hoà_NOUN_O_N_obj_c?ng c? (hoà)bình th?_NOUN_O_N_nmod_hoà (bình th?)gi?i;_PUNCT_O_._punct_Phát tri?n (gi?i;)gi?i;
"
0,"To_PART_O_TO_mark_achieve (to)achieve_VERB_O_VB_root_and (achieve)international_ADJ_O_JJ_amod_co-operation (international)co-operation_NOUN_O_NN_obj_achieve (co-operation)in_SCONJ_O_IN_mark_solving (in)solving_VERB_O_VBG_acl_co-operation (solve)international_ADJ_O_JJ_amod_problems (international)problems_NOUN_O_NNS_obj_solving (problem)of_ADP_O_IN_case_character (of)an_DET_O_DT_det_character (a)economic_ADJ_O_JJ_amod_character (economic),_PUNCT_O_,_punct_social (,)social_ADJ_O_JJ_conj_economic (social),_PUNCT_O_,_punct_cultural (,)cultural_ADJ_O_JJ_conj_economic (cultural),_PUNCT_O_,_punct_humanitarian (,)or_CCONJ_O_CC_cc_humanitarian (or)humanitarian_ADJ_O_JJ_conj_economic (humanitarian)character_NOUN_O_NN_nmod_problems (character),_PUNCT_O_,_punct_promoting (,)and_CCONJ_O_CC_cc_promoting (and)in_SCONJ_O_IN_mark_promoting (in)promoting_VERB_O_VBG_conj_solving (promote)and_CCONJ_O_CC_cc_encouraging (and)encouraging_VERB_O_VBG_conj_promoting (encourage)respect_NOUN_O_NN_obj_promoting (respect)for_ADP_O_IN_case_rights (for)human_ADJ_O_JJ_amod_rights (human)rights_NOUN_O_NNS_nmod_respect (right)and_CCONJ_O_CC_cc_freedoms (and)for_ADP_O_IN_case_freedoms (for)fundamental_ADJ_O_JJ_amod_freedoms (fundamental)freedoms_NOUN_O_NNS_conj_respect (freedom)for_ADP_O_IN_case_all (for)all_DET_O_DT_nmod_freedoms (all)without_ADP_O_IN_case_distinction (without)distinction_NOUN_O_NN_nmod_freedoms (distinction)as_ADP_O_IN_case_race (as)to_ADP_O_IN_fixed_as (to)race_NOUN_O_NN_nmod_freedoms (race),_PUNCT_O_,_punct_sex (,)sex_NOUN_O_NN_conj_race (sex),_PUNCT_O_,_punct_language (,)language_NOUN_O_NN_conj_race (language),_PUNCT_O_,_punct_religion (,)or_CCONJ_O_CC_cc_religion (or)religion_NOUN_O_NN_conj_race (religion);_PUNCT_O_:_punct_and (;)and_CCONJ_O_CC_dep_achieve (and)and
","Th?c hi?n_VERB_O_V_root_giáo; (Th?c hi?n)s?_NOUN_O_Nc_obj_Th?c hi?n (s?)h?p tác_VERB_O_V_acl:tonp_s? (h?p tác)qu?c t?_NOUN_O_N_obj_h?p tác (qu?c t?)trong_ADP_O_Pre_case_vi?c (trong)vi?c_NOUN_O_N_obl_s? (vi?c)gi?i quy?t_VERB_O_V_compound:vmod_vi?c (gi?i quy?t)các_DET_O_Det_det_v?n ?? (các)v?n ??_NOUN_O_N_obj_gi?i quy?t (v?n ??)qu?c t?_ADJ_O_Adj_amod_v?n ?? (qu?c t?)v?_ADP_O_Pre_case_kinh t?, (v?)kinh t?,_NOUN_O_N_obl_v?n ?? (kinh t?,)xã h?_NOUN_O_N_nmod_kinh t?, (xã h?)i,_PUNCT_O_;_punct_v?n hoá (i,)v?n hoá_NOUN_O_N_conj_xã h? (v?n hoá)và_CCONJ_O_CC_cc_nhân ??o (và)nhân ??o_ADJ_O_Adj_conj_xã h? (nhân ??o)và_CCONJ_O_CC_cc_khuy?n khích (và)khuy?n khích_VERB_O_V_conj_xã h? (khuy?n khích)phát tri?n_VERB_O_V_xcomp_khuy?n khích (phát tri?n)s?_NOUN_O_N_obj_phát tri?n (s?)tôn tr?ng_VERB_O_V_compound:vmod_s? (tôn tr?ng)các_DET_O_Det_det_quy?n (các)quy?n_NOUN_O_N_nmod_s? (quy?n)c?a_ADP_O_Pre_case_con ng??i (c?a)con ng??i_NOUN_O_N_nmod:poss_quy?n (con ng??i)và_CCONJ_O_CC_cc_do (và)các_DET_O_Det_det_ng??i (các)t?_PRON_O_Pro_det:pmod_do (t?)do_VERB_O_V_acl:subj_quy?n (do)c? b?n_ADJ_O_Adj_xcomp_do (c? b?n)cho_ADP_O_Pre_case_ng??i (cho)t?t c?_PRON_O_Pro_det_ng??i (t?t c?)m?i_DET_O_Det_det_ng??i (m?i)ng??i_NOUN_O_N_nsubj_phân bi?t (ng??i)không_ADV_O_Adv_advmod:neg_phân bi?t (không)phân bi?t_VERB_O_V_xcomp_do (phân bi?t)ch?ng t?_NOUN_O_N_obj_phân bi?t (ch?ng t?)c,_PUNCT_O_;_punct_ngôn (c,)nam n?,_SYM_O_Z_amod_ngôn (nam n?,)ngôn_NOUN_O_N_appos_ch?ng t? (ngôn)ng?_NOUN_O_N_nmod_ngôn (ng?)ho?c_CCONJ_O_CC_cc_tôn (ho?c)tôn_NOUN_O_N_conj_ngôn (tôn)giáo;_PUNCT_O_..._compound_tôn (giáo;)giáo;
"
0,"To_PART_O_TO_mark_centre (to)be_AUX_O_VB_cop_centre (be)a_DET_O_DT_det_centre (a)centre_NOUN_O_NN_root_. (centre)for_SCONJ_O_IN_mark_harmonizing (for)harmonizing_VERB_O_VBG_acl_centre (harmonize)the_DET_O_DT_det_actions (the)actions_NOUN_O_NNS_obj_harmonizing (action)of_ADP_O_IN_case_nations (of)nations_NOUN_O_NNS_nmod_actions (nation)in_ADP_O_IN_case_attainment (in)the_DET_O_DT_det_attainment (the)attainment_NOUN_O_NN_obl_harmonizing (attainment)of_ADP_O_IN_case_ends (of)these_DET_O_DT_det_ends (this)common_ADJ_O_JJ_amod_ends (common)ends_NOUN_O_NNS_nmod_attainment (end)._PUNCT_O_._punct_centre (.).
","Tr? thành_VERB_O_V_root_trên. (Tr? thành)trung tâm_NOUN_O_N_obj_Tr? thành (trung tâm)ph?i_VERB_O_V_acl:subj_trung tâm (ph?i)h?p_ADJ_O_Adj_xcomp_ph?i (h?p)m?i_DET_O_Det_det_hành ??ng (m?i)hành ??ng_NOUN_O_N_obj_ph?i (hành ??ng)c?a_ADP_O_Pre_case_dân t? (c?a)các_DET_O_Det_det_dân t? (các)dân t?_NOUN_O_N_nmod:poss_hành ??ng (dân t?)c,_PUNCT_O_,_compound_dân t? (c,)nh?m_VERB_O_V_mark:pcomp_??t (nh?m)??t_VERB_O_V_advcl:objective_Tr? thành (??t)???c_ADV_O_Adv_advmod_??t (???c)nh?ng_DET_O_Det_det_m?c ?ích (nh?ng)m?c ?ích_NOUN_O_N_obj_??t (m?c ?ích)chung_ADJ_O_Adj_amod_m?c ?ích (chung)nói_VERB_O_V_acl:subj_m?c ?ích (nói)trên._PUNCT_O_._punct_Tr? thành (trên.)trên.
"
0,"Article_NOUN_O_NN_root_2 (article)2_NUM_S-CARDINAL_CD_dep_Article (2)2
","?i?u_NOUN_O_N_root_2: (?i?u)2:_PUNCT_O_:_punct_?i?u (2:)2:
"
0,"The_DET_B-ORG_DT_det_Organization (the)Organization_PROPN_I-ORG_NNP_nsubj_act (Organization)and_CCONJ_I-ORG_CC_cc_Members (and)its_PRON_I-ORG_PRP$_nmod:poss_Members (its)Members_PROPN_E-ORG_NNPS_conj_Organization (Member),_PUNCT_O_,_punct_Organization (,)in_ADP_O_IN_case_pursuit (in)pursuit_NOUN_O_NN_nmod_Organization (pursuit)of_ADP_O_IN_case_Purposes (of)the_DET_O_DT_det_Purposes (the)Purposes_NOUN_S-ORG_NNS_nmod_pursuit (purpose)stated_VERB_O_VBN_acl_Purposes (state)in_ADP_O_IN_case_Article (in)Article_NOUN_B-LAW_NN_obl_stated (article)1_NUM_E-LAW_CD_nummod_Article (1),_PUNCT_O_,_punct_Organization (,)shall_AUX_O_MD_aux_act (shall)act_VERB_O_VB_root_. (act)in_ADP_O_IN_case_accordance (in)accordance_NOUN_O_NN_obl_act (accordance)with_ADP_O_IN_case_Principles (with)the_DET_B-LAW_DT_det_Principles (the)following_VERB_I-LAW_VBG_amod_Principles (follow)Principles_NOUN_E-LAW_NNS_nmod_accordance (Principle)._PUNCT_O_._punct_act (.).
","??_ADP_O_Pre_mark:pcomp_??t (??)??t_VERB_O_V_root_?ây: (??t)???c_ADV_O_Adv_advmod_??t (???c)nh?ng_DET_O_Det_det_m?c ?ích (nh?ng)m?c ?ích_NOUN_O_N_obj_??t (m?c ?ích)nêu_VERB_O_V_acl:subj_m?c ?ích (nêu)?_ADP_O_Pre_case_?i?u (?)?i?u_NOUN_O_N_obl_nêu (?i?u)1,_NUM_O_Num_nummod_?i?u (1,)Liên_SYM_O_Z_nmod_?i?u (Liên)h?p qu?c_NOUN_O_N_compound_?i?u (h?p qu?c)và_CCONJ_O_CC_cc_thành viên (và)các_DET_O_Det_det_thành viên (các)thành viên_NOUN_O_N_conj_h?p qu?c (thành viên)Liên_SYM_O_Z_amod_thành viên (Liên)h?p qu?c_NOUN_O_N_compound_Liên (h?p qu?c)hành ??ng_VERB_O_V_compound:vmod_Liên (hành ??ng)phù h?p_VERB_O_V_xcomp_hành ??ng (phù h?p)v?i_ADP_O_Pre_case_nguyên t?c (v?i)nh?ng_DET_O_Det_det_nguyên t?c (nh?ng)nguyên t?c_NOUN_O_N_obl_phù h?p (nguyên t?c)sau_ADJ_O_Adj_amod_nguyên t?c (sau)?ây:_PUNCT_O_._punct_??t (?ây:)?ây:
"
0,"The_DET_O_DT_det_Organization (the)Organization_NOUN_S-ORG_NN_nsubj:pass_based (Organization)is_AUX_O_VBZ_aux:pass_based (be)based_VERB_O_VBN_root_. (base)on_ADP_O_IN_case_principle (on)the_DET_O_DT_det_principle (the)principle_NOUN_O_NN_obl_based (principle)of_ADP_O_IN_case_equality (of)the_DET_O_DT_det_equality (the)sovereign_ADJ_O_JJ_amod_equality (sovereign)equality_NOUN_O_NN_nmod_principle (equality)of_ADP_O_IN_case_Members (of)all_DET_O_PDT_det:predet_Members (all)its_PRON_O_PRP$_nmod:poss_Members (its)Members_PROPN_O_NNPS_nmod_equality (Member)._PUNCT_O_._punct_based (.).
","Liên_SYM_O_Z_nsubj:pass_xây d?ng (Liên)h?p qu?c_NOUN_O_N_nmod_Liên (h?p qu?c)???c_AUX_O_AUX_aux:pass_xây d?ng (???c)xây d?ng_VERB_O_V_root_. (xây d?ng)trên_ADP_O_Pre_case_nguyên t?c (trên)nguyên t?c_NOUN_O_N_obl_xây d?ng (nguyên t?c)bình ??ng_ADJ_O_Adj_amod_nguyên t?c (bình ??ng)ch? quy?n_NOUN_O_N_obj_bình ??ng (ch? quy?n)c?a_ADP_O_Pre_case_qu?c gia (c?a)t?t c?_PRON_O_Pro_det_qu?c gia (t?t c?)các_DET_O_Det_det_qu?c gia (các)qu?c gia_NOUN_O_N_nmod:poss_nguyên t?c (qu?c gia)thành viên_NOUN_O_N_compound_qu?c gia (thành viên)._PUNCT_O_._punct_xây d?ng (.).
"
0,"All_DET_O_DT_det_Members (all)Members_NOUN_O_NNS_nsubj_fulfill (member),_PUNCT_O_,_punct_fulfill (,)in_SCONJ_O_IN_mark_ensure (in)order_NOUN_O_NN_fixed_in (order)to_PART_O_TO_mark_ensure (to)ensure_VERB_O_VB_advcl_fulfill (ensure)to_ADP_O_IN_case_all (to)all_DET_O_DT_obl_ensure (all)of_ADP_O_IN_case_them (of)them_PRON_O_PRP_nmod_all (they)the_DET_O_DT_det_rights (the)rights_NOUN_O_NNS_obj_ensure (right)and_CCONJ_O_CC_cc_benefits (and)benefits_NOUN_O_NNS_conj_rights (benefit)resulting_VERB_O_VBG_acl_rights (result)from_ADP_O_IN_case_membership (from)membership_NOUN_O_NN_obl_resulting (membership),_PUNCT_O_,_punct_ensure (,)shall_AUX_O_MD_aux_fulfill (shall)fulfill_VERB_O_VB_root_. (fulfill)in_ADP_O_IN_case_faith (in)good_ADJ_O_JJ_amod_faith (good)faith_NOUN_O_NN_obl_fulfill (faith)the_DET_O_DT_det_obligations (the)obligations_NOUN_O_NNS_obj_fulfill (obligation)assumed_VERB_O_VBN_acl_obligations (assume)by_ADP_O_IN_case_them (by)them_PRON_O_PRP_obl_assumed (they)in_ADP_O_IN_case_accordance (in)accordance_NOUN_O_NN_obl_assumed (accordance)with_ADP_O_IN_case_Charter (with)the_DET_O_DT_det_Charter (the)present_ADJ_O_JJ_amod_Charter (present)Charter_PROPN_S-LAW_NNP_nmod_accordance (Charter)._PUNCT_O_._punct_fulfill (.).
","T?t c?_DET_O_Det_det_qu?c gia (T?t c?)các_DET_O_Det_det_qu?c gia (các)qu?c gia_NOUN_O_N_nsubj_làm tròn (qu?c gia)thành viên_VERB_O_V_compound:vmod_qu?c gia (thành viên)Liên_SYM_O_Z_clf:det_h?p qu?c (Liên)h?p qu?c_NOUN_O_N_obj_thành viên (h?p qu?c)??u_ADV_O_Adv_advmod_làm tròn (??u)ph?i_AUX_O_AUX_aux_làm tròn (ph?i)làm tròn_VERB_O_V_root_; (làm tròn)nh?ng_DET_O_Det_det_ngh?a (nh?ng)ngh?a_NOUN_O_N_obj_làm tròn (ngh?a)v?_NOUN_O_N_compound_ngh?a (v?)mà_SCONJ_O_SC_mark_??m (mà)h?_PRON_O_Pro_nsubj_??m (h?)ph?i_AUX_O_AUX_aux_??m (ph?i)??m_VERB_O_V_conj_làm tròn (??m)nh?n_VERB_O_V_compound:svc_??m (nh?n)theo_ADP_O_Pre_case_Hi?n ch??ng (theo)Hi?n ch??ng_NOUN_O_N_obl:comp_??m (Hi?n ch??ng)này_PRON_O_Pro_det:pmod_Hi?n ch??ng (này)??_ADP_O_Pre_mark:pcomp_??m (??)???c_AUX_O_AUX_aux:pass_??m (???c)??m_VERB_O_V_advcl:objective_??m (??m)b?o h??ng_VERB_O_V_xcomp_??m (b?o h??ng)toàn b?_VERB_O_V_xcomp_b?o h??ng (toàn b?)các quy?n_NOUN_O_N_obj_toàn b? (các quy?n)và_CCONJ_O_CC_cc_?u ?ãi (và)?u ?ãi_VERB_O_V_conj_các quy?n (?u ?ãi)do_ADP_O_Pre_case_t? cách (do)t? cách_NOUN_O_N_obl_các quy?n (t? cách)thành viên_VERB_O_V_compound:vmod_t? cách (thành viên)mà_SCONJ_O_SC_mark_có (mà)có_VERB_O_V_conj_t? cách (có);_PUNCT_O_;_punct_làm tròn (;);
"
0,"All_DET_O_DT_det_Members (all)Members_NOUN_O_NNS_nsubj_settle (member)shall_AUX_O_MD_aux_settle (shall)settle_VERB_O_VB_root_. (settle)their_PRON_O_PRP$_nmod:poss_disputes (their)international_ADJ_O_JJ_amod_disputes (international)disputes_NOUN_O_NNS_obj_settle (dispute)by_ADP_O_IN_case_means (by)peaceful_ADJ_O_JJ_amod_means (peaceful)means_NOUN_O_NNS_obl_settle (means)in_ADP_O_IN_case_manner (in)such_DET_O_PDT_det:predet_manner (such)a_DET_O_DT_det_manner (a)manner_NOUN_O_NN_obl_settle (manner)that_SCONJ_O_IN_mark_endangered (that)international_ADJ_O_JJ_amod_peace (international)peace_NOUN_O_NN_nsubj_endangered (peace)and_CCONJ_O_CC_cc_security (and)security_NOUN_O_NN_conj_peace (security),_PUNCT_O_,_punct_justice (,)and_CCONJ_O_CC_cc_justice (and)justice_NOUN_O_NN_conj_peace (justice),_PUNCT_O_,_punct_peace (,)are_AUX_O_VBP_cop_endangered (be)not_PART_O_RB_advmod_endangered (not)endangered_ADJ_O_JJ_acl_manner (endangered)._PUNCT_O_._punct_settle (.).
","T?t c?_PRON_O_Pro_det_thành viên (T?t c?)các_DET_O_Det_det_thành viên (các)thành viên_NOUN_O_N_root_; (thành viên)c?a_ADP_O_Pre_case_Liên (c?a)Liên_PROPN_O_NNP_nmod:poss_thành viên (Liên)h?p qu?c_ADJ_O_Adj_amod_Liên (h?p qu?c)gi?i quy?t_VERB_O_V_acl:subj_Liên (gi?i quy?t)các_DET_O_Det_det_tranh ch?p (các)tranh ch?p_NOUN_O_N_obj_gi?i quy?t (tranh ch?p)qu?c t?_ADJ_O_Adj_amod_tranh ch?p (qu?c t?)c?a_ADP_O_Pre_case_bi?n pháp (c?a)h? b?ng_DET_O_Det_det_bi?n pháp (h? b?ng)bi?n pháp_NOUN_O_N_nmod:poss_tranh ch?p (bi?n pháp)hoà bìn_VERB_O_V_compound:vmod_bi?n pháp (hoà bìn)h,_PUNCT_O_,_punct_t?n h?i (h,)sao_PRON_O_Pro_obl_t?n h?i (sao)cho_ADP_O_Pre_case_t?n h?i (cho)không_ADV_O_Adv_advmod:neg_t?n h?i (không)t?n h?i_VERB_O_V_conj_gi?i quy?t (t?n h?i)??n_ADP_O_Pre_case_hoà bìn (??n)hoà bìn_NOUN_O_N_obl:comp_t?n h?i (hoà bìn)h,_PUNCT_O_,_punct_an ninh (h,)an ninh_NOUN_O_N_conj_hoà bìn (an ninh)qu?c t?_NOUN_O_N_nmod_an ninh (qu?c t?)và_CCONJ_O_CC_cc_công lý (và)công lý_NOUN_O_N_conj_hoà bìn (công lý);_PUNCT_O_;_punct_thành viên (;);
"
0,"All_DET_O_DT_det_Members (all)Members_NOUN_O_NNS_nsubj_refrain (member)shall_AUX_O_MD_aux_refrain (shall)refrain_VERB_O_VB_root_. (refrain)in_ADP_O_IN_case_relations (in)their_PRON_O_PRP$_nmod:poss_relations (their)international_ADJ_O_JJ_amod_relations (international)relations_NOUN_O_NNS_obl_refrain (relation)from_ADP_O_IN_case_threat (from)the_DET_O_DT_det_threat (the)threat_NOUN_O_NN_nmod_relations (threat)or_CCONJ_O_CC_cc_use (or)use_NOUN_O_NN_conj_threat (use)of_ADP_O_IN_case_force (of)force_NOUN_O_NN_nmod_threat (force)against_ADP_O_IN_case_integrity (against)the_DET_O_DT_det_integrity (the)territorial_ADJ_O_JJ_amod_integrity (territorial)integrity_NOUN_O_NN_nmod_threat (integrity)or_CCONJ_O_CC_cc_independence (or)political_ADJ_O_JJ_amod_independence (political)independence_NOUN_O_NN_conj_integrity (independence)of_ADP_O_IN_case_state (of)any_DET_O_DT_det_state (any)state_NOUN_O_NN_nmod_integrity (state),_PUNCT_O_,_punct_manner (,)or_CCONJ_O_CC_cc_manner (or)in_ADP_O_IN_case_manner (in)any_DET_O_DT_det_manner (any)other_ADJ_O_JJ_amod_manner (other)manner_NOUN_O_NN_conj_integrity (manner)inconsistent_ADJ_O_JJ_amod_manner (inconsistent)with_ADP_O_IN_case_Purposes (with)the_DET_B-LAW_DT_det_Purposes (the)Purposes_PROPN_I-LAW_NNPS_obl_inconsistent (Purposes)of_ADP_I-LAW_IN_case_Nations (of)the_DET_I-LAW_DT_det_Nations (the)United_ADJ_I-LAW_NNP_amod_Nations (United)Nations_PROPN_E-LAW_NNPS_nmod_Purposes (Nation)._PUNCT_O_._punct_refrain (.).
","T?t c?_PRON_O_Pro_det_qu?c gia (T?t c?)các_DET_O_Det_det_qu?c gia (các)qu?c gia_NOUN_O_N_nsubj_t? (qu?c gia)thành viên_NOUN_O_N_nmod_qu?c gia (thành viên)Liên_SYM_B-LOCATION_Z_nmod_thành viên (Liên)h?p qu?c_ADJ_E-LOCATION_Adj_amod_Liên (h?p qu?c)t?_VERB_O_V_root_. (t?)b?_VERB_O_V_compound:svc_t? (b?)?e_VERB_O_V_conj_t? (?e)d?a_VERB_O_V_xcomp_?e (d?a)b?ng_ADP_O_Pre_case_v? l?c (b?ng)v? l?c_NOUN_O_N_obl_?e (v? l?c)ho?c_CCONJ_O_CC_cc_s? d?ng (ho?c)s? d?ng_VERB_O_V_conj_v? l?c (s? d?ng)v? l?c_NOUN_O_N_obj_s? d?ng (v? l?c)trong_ADP_O_Pre_case_quan h? (trong)quan h?_NOUN_O_N_obl_v? l?c (quan h?)qu?c t?_ADJ_O_Adj_amod_quan h? (qu?c t?)nh?m_ADP_O_Pre_mark:pcomp_ch?ng (nh?m)ch?ng_VERB_O_V_advcl:objective_s? d?ng (ch?ng)l?i_ADV_O_Adv_advmod_ch?ng (l?i)s?_NOUN_O_Nc_obj_ch?ng (s?)b?t kh?_ADJ_O_Adj_amod_s? (b?t kh?)xâm ph?m_VERB_O_V_compound:vmod_b?t kh? (xâm ph?m)v?_ADP_O_Pre_case_lãnh th? (v?)lãnh th?_NOUN_O_N_obl_b?t kh? (lãnh th?)hay_CCONJ_O_CC_cc_n?n ??c (hay)n?n ??c_NOUN_O_N_conj_lãnh th? (n?n ??c)l?p_VERB_O_V_compound:vmod_n?n ??c (l?p)chính tr?_NOUN_O_N_obj_l?p (chính tr?)c?a_ADP_O_Pre_case_qu?c gia (c?a)b?t k?_DET_O_Det_det_qu?c gia (b?t k?)qu?c gia_NOUN_O_N_nmod:poss_n?n ??c (qu?c gia)nào_PRON_O_Pro_det:pmod_qu?c gia (nào)c?ng_ADV_O_Adv_advmod_b?ng cách (c?ng)nh?_SCONJ_O_SC_case_b?ng cách (nh?)b?ng cách_NOUN_O_N_nmod_qu?c gia (b?ng cách)khác trái_VERB_O_V_acl:subj_b?ng cách (khác trái)v?i_ADP_O_Pre_case_m?c ?ích (v?i)nh?ng_DET_O_Det_det_m?c ?ích (nh?ng)m?c ?ích_NOUN_O_N_obl_khác trái (m?c ?ích)c?a_ADP_O_Pre_case_Liên (c?a)Liên_PROPN_B-LOCATION_NNP_nmod:poss_m?c ?ích (Liên)h?p qu?c_NOUN_E-LOCATION_N_compound_Liên (h?p qu?c)._PUNCT_O_._punct_t? (.).
"
0,"All_DET_O_DT_det_Members (all)Members_NOUN_O_NNS_nsubj_give (member)shall_AUX_O_MD_aux_give (shall)give_VERB_O_VB_root_. (give)the_DET_B-ORG_DT_det_Nations (the)United_VERB_I-ORG_NNP_amod_Nations (Unite)Nations_PROPN_E-ORG_NNPS_iobj_give (Nation)every_DET_O_DT_det_assistance (every)assistance_NOUN_O_NN_obj_give (assistance)in_ADP_O_IN_case_action (in)any_DET_O_DT_det_action (any)action_NOUN_O_NN_nmod_assistance (action)it_PRON_O_PRP_nsubj_takes (it)takes_VERB_O_VBZ_acl:relcl_action (take)in_ADP_O_IN_case_accordance (in)accordance_NOUN_O_NN_obl_takes (accordance)with_ADP_O_IN_case_Charter (with)the_DET_O_DT_det_Charter (the)present_ADJ_O_JJ_amod_Charter (present)Charter_PROPN_S-LAW_NNP_nmod_accordance (Charter),_PUNCT_O_,_punct_refrain (,)and_CCONJ_O_CC_cc_refrain (and)shall_AUX_O_MD_aux_refrain (shall)refrain_VERB_O_VB_conj_give (refrain)from_SCONJ_O_IN_mark_giving (from)giving_VERB_O_VBG_advcl_refrain (give)assistance_NOUN_O_NN_obj_giving (assistance)to_ADP_O_IN_case_state (to)any_DET_O_DT_det_state (any)state_NOUN_O_NN_nmod_assistance (state)against_ADP_O_IN_case_which (against)which_PRON_O_WDT_obl_taking (which)the_DET_B-ORG_DT_det_Nations (the)United_ADJ_I-ORG_NNP_amod_Nations (United)Nations_PROPN_E-ORG_NNPS_nsubj_taking (Nation)is_AUX_O_VBZ_aux_taking (be)taking_VERB_O_VBG_acl:relcl_state (take)preventive_ADJ_O_JJ_amod_action (preventive)or_CCONJ_O_CC_cc_enforcement (or)enforcement_NOUN_O_NN_conj_preventive (enforcement)action_NOUN_O_NN_obj_taking (action)._PUNCT_O_._punct_give (.).
","T?t c?_PRON_O_Pro_det_qu?c gia (T?t c?)các_DET_O_Det_det_qu?c gia (các)qu?c gia_NOUN_O_N_root_ch?; (qu?c gia)thành viên_VERB_O_V_compound:vmod_qu?c gia (thành viên)c?a_ADP_O_Pre_case_Liên (c?a)Liên_SYM_B-ORGANIZATION_Z_nmod:poss_qu?c gia (Liên)h?p qu?c_NOUN_E-ORGANIZATION_N_compound_Liên (h?p qu?c)giúp ??_VERB_O_V_acl:subj_Liên (giúp ??)??y ??_ADJ_O_Adj_xcomp_giúp ?? (??y ??)cho_ADP_O_Pre_case_Liên (cho)Liên_NOUN_B-ORGANIZATION_N_obl:comp_giúp ?? (Liên)h?p qu?c_NOUN_E-ORGANIZATION_N_compound_Liên (h?p qu?c)trong_ADP_O_Pre_case_hành ??ng (trong)m?i_DET_O_Det_det_hành ??ng (m?i)hành ??ng_NOUN_O_N_obl_giúp ?? (hành ??ng)mà_SCONJ_O_SC_mark_áp d?ng (mà)nó_PRON_O_Pro_nsubj_áp d?ng (nó)áp d?ng_VERB_O_V_acl:subj_hành ??ng (áp d?ng)theo_ADP_O_Pre_case_?úng (theo)?úng_ADJ_O_Adj_obl:comp_áp d?ng (?úng)Hi?n ch??ng_NOUN_O_N_obj_?úng (Hi?n ch??ng)này_PRON_O_Pro_det:pmod_Hi?n ch??ng (này)và_CCONJ_O_CC_cc_tránh giúp (và)tránh giúp_VERB_O_V_conj_áp d?ng (tránh giúp)??_VERB_O_V_xcomp_tránh giúp (??)b?t c?_ADV_O_Adv_advmod_qu?c (b?t c?)qu?c_NOUN_O_N_obj_tránh giúp (qu?c)gia_ADJ_O_Adj_amod_qu?c (gia)nào_PRON_O_Pro_det:pmod_qu?c (nào)b?_AUX_O_AUX_aux:pass_áp d?ng (b?)Liên_SYM_B-ORGANIZATION_Z_nmod_qu?c (Liên)h?p qu?c_NOUN_E-ORGANIZATION_N_compound_Liên (h?p qu?c)áp d?ng_VERB_O_V_acl:subj_Liên (áp d?ng)các_DET_O_Det_det_hành ??ng (các)hành ??ng_NOUN_O_N_obj_áp d?ng (hành ??ng)phòng ng?a_VERB_O_V_acl:subj_hành ??ng (phòng ng?a)ho?c c??ng_VERB_O_V_xcomp_phòng ng?a (ho?c c??ng)ch?;_PUNCT_O_..._obj_ho?c c??ng (ch?;)ch?;
"
0,"The_DET_O_DT_det_Organization (the)Organization_NOUN_S-ORG_NN_nsubj_ensure (Organization)shall_AUX_O_MD_aux_ensure (shall)ensure_VERB_O_VB_root_. (ensure)that_SCONJ_O_IN_mark_act (that)states_NOUN_O_NNS_nsubj_act (state)which_PRON_O_WDT_nsubj_Members (which)are_AUX_O_VBP_cop_Members (be)not_PART_O_RB_advmod_Members (not)Members_NOUN_O_NNS_acl:relcl_states (member)of_ADP_O_IN_case_Nations (of)the_DET_B-ORG_DT_det_Nations (the)United_ADJ_I-ORG_NNP_amod_Nations (United)Nations_PROPN_E-ORG_NNPS_nmod_Members (Nation)act_VERB_O_VBP_ccomp_ensure (act)in_ADP_O_IN_case_accordance (in)accordance_NOUN_O_NN_obl_act (accordance)with_ADP_O_IN_case_Principles (with)these_DET_O_DT_det_Principles (this)Principles_NOUN_S-LAW_NNS_nmod_accordance (Principle)so_ADV_O_RB_advmod_far (so)far_ADV_O_RB_advmod_act (far)as_SCONJ_O_IN_mark_necessary (as)may_AUX_O_MD_aux_necessary (may)be_AUX_O_VB_cop_necessary (be)necessary_ADJ_O_JJ_advcl_far (necessary)for_ADP_O_IN_case_maintenance (for)the_DET_O_DT_det_maintenance (the)maintenance_NOUN_O_NN_obl_necessary (maintenance)of_ADP_O_IN_case_peace (of)international_ADJ_O_JJ_amod_peace (international)peace_NOUN_O_NN_nmod_maintenance (peace)and_CCONJ_O_CC_cc_security (and)security_NOUN_O_NN_conj_peace (security)._PUNCT_O_._punct_ensure (.).
","Liên_SYM_O_Z_nsubj_làm th? nào (Liên)h?p qu?c_NOUN_O_N_compound_Liên (h?p qu?c)làm th? nào_VERB_O_V_root_gi?i; (làm th? nào)??_ADP_O_Pre_xcomp_làm th? nào (??)các_DET_O_Det_det_qu?c gia (các)qu?c gia_NOUN_O_N_nsubj_thành viên (qu?c gia)không_ADV_O_Adv_advmod:neg_thành viên (không)ph?i_AUX_O_AUX_aux_thành viên (ph?i)là_AUX_O_V_cop_thành viên (là)thành viên_NOUN_O_N_ccomp_làm th? nào (thành viên)Liên_SYM_O_Z_amod_thành viên (Liên)h?p qu?c_PROPN_O_NNP_compound_Liên (h?p qu?c)c?ng_ADV_O_Adv_advmod_hành ??ng (c?ng)hành ??ng_VERB_O_V_acl:subj_thành viên (hành ??ng)theo_ADP_O_Pre_case_nguyên t?c (theo)nguyên t?c_NOUN_O_N_obl:comp_hành ??ng (nguyên t?c)nà_ADJ_O_Adj_amod_nguyên t?c (nà)y,_PUNCT_O_,_punct_hành ??ng (y,)n?u_SCONJ_O_SC_cc_c?n thi?t (n?u)nh?_SCONJ_O_SC_cc_c?n thi?t (nh?)?i?u_NOUN_O_N_nsubj_c?n thi?t (?i?u)?ó_PRON_O_Pro_det:pmod_?i?u (?ó)c?n thi?t_ADJ_O_Adj_amod_nguyên t?c (c?n thi?t)??_ADP_O_Pre_mark:pcomp_duy (??)duy_VERB_O_V_advcl:objective_?i?u (duy)trì_VERB_O_V_xcomp_duy (trì)hoà bình_NOUN_O_N_obj_trì (hoà bình)và_CCONJ_O_CC_cc_an ninh (và)an ninh_NOUN_O_N_conj_hoà bình (an ninh)th?_NOUN_O_N_nmod_an ninh (th?)gi?i;_PUNCT_O_..._compound_th? (gi?i;)gi?i;
"
0,"Nothing_PRON_O_NN_nsubj_authorize (nothing)contained_VERB_O_VBN_acl_Nothing (contain)in_ADP_O_IN_case_Charter (in)the_DET_B-LAW_DT_det_Charter (the)present_ADJ_I-LAW_JJ_amod_Charter (present)Charter_PROPN_E-LAW_NNP_obl_contained (Charter)shall_AUX_O_MD_aux_authorize (shall)authorize_VERB_O_VB_root_; (authorize)the_DET_B-ORG_DT_det_Nations (the)United_ADJ_I-ORG_NNP_amod_Nations (United)Nations_PROPN_E-ORG_NNPS_obj_authorize (Nation)to_PART_O_TO_mark_intervene (to)intervene_VERB_O_VB_xcomp_authorize (interve)in_ADP_O_IN_case_matters (in)matters_NOUN_O_NNS_obl_intervene (matter)which_PRON_O_WDT_nsubj_jurisdiction (which)are_AUX_O_VBP_cop_jurisdiction (be)essentially_ADV_O_RB_advmod_jurisdiction (essentially)within_ADP_O_IN_case_jurisdiction (within)the_DET_O_DT_det_jurisdiction (the)domestic_ADJ_O_JJ_amod_jurisdiction (domestic)jurisdiction_NOUN_O_NN_acl:relcl_matters (jurisdiction)of_ADP_O_IN_case_state (of)any_DET_O_DT_det_state (any)state_NOUN_O_NN_nmod_jurisdiction (state)or_CCONJ_O_CC_cc_require (or)shall_AUX_O_MD_aux_require (shall)require_VERB_O_VB_conj_jurisdiction (require)the_DET_O_DT_det_Members (the)Members_PROPN_O_NNPS_obj_require (Member)to_PART_O_TO_mark_submit (to)submit_VERB_O_VB_xcomp_require (submit)such_ADJ_O_JJ_amod_matters (such)matters_NOUN_O_NNS_obj_submit (matter)to_ADP_O_IN_case_settlement (to)settlement_NOUN_O_NN_obl_submit (settlement)under_ADP_O_IN_case_Charter (under)the_DET_O_DT_det_Charter (the)present_ADJ_O_JJ_amod_Charter (present)Charter_PROPN_S-LAW_NNP_obl_submit (Charter);_PUNCT_O_:_punct_authorize (;);
","Hi?n ch??ng_NOUN_O_N_nsubj_cho (Hi?n ch??ng)này_PRON_O_Pro_det:pmod_Hi?n ch??ng (này)hoàn toàn_ADJ_O_Adj_advmod:adj_cho (hoàn toàn)không_ADV_O_Adv_advmod:neg_cho (không)cho_VERB_O_V_root_thi hành (cho)phép_NOUN_O_N_obj_cho (phép)Liên_SYM_B-LOCATION_Z_nsubj:pass_can thi?p (Liên)h?p qu?c_PROPN_E-LOCATION_NNP_compound_Liên (h?p qu?c)???c_AUX_O_AUX_aux:pass_can thi?p (???c)can thi?p_VERB_O_V_ccomp_cho (can thi?p)vào_ADP_O_Pre_case_công vi?c (vào)nh?ng_DET_O_Det_det_công vi?c (nh?ng)công vi?c_NOUN_O_N_obl_can thi?p (công vi?c)th?c ch?t_ADJ_O_Adj_amod_công vi?c (th?c ch?t)thu?c_VERB_O_V_acl:subj_công vi?c (thu?c)th?m quy?n_NOUN_O_N_obj_thu?c (th?m quy?n)n?i b?_NOUN_O_N_nmod_th?m quy?n (n?i b?)c?a_ADP_O_Pre_case_qu?c (c?a)b?t c?_ADV_O_Adv_advmod_qu?c (b?t c?)qu?c_NOUN_O_N_nmod:poss_th?m quy?n (qu?c)gia_ADJ_O_Adj_amod_qu?c (gia)nào,_PRON_O_Pro_det:pmod_qu?c (nào,)và_CCONJ_O_CC_cc_?òi h?i (và)không_ADV_O_Adv_advmod:neg_?òi h?i (không)?òi h?i_VERB_O_V_conj_??a (?òi h?i)các_DET_O_Det_det_thành viên (các)thành viên_NOUN_O_N_obj_?òi h?i (thành viên)c?a_ADP_O_Pre_case_Liên (c?a)Liên_SYM_O_Z_nmod:poss_thành viên (Liên)h?p qu?c_NOUN_O_N_compound_Liên (h?p qu?c)ph?i_AUX_O_AUX_aux_??a (ph?i)??a_VERB_O_V_ccomp_cho (??a)nh?ng_DET_O_Det_det_công vi?c (nh?ng)công vi?c_NOUN_O_N_obj_??a (công vi?c)lo?i_VERB_O_V_compound:vmod_công vi?c (lo?i)này_PRON_O_Pro_det:pmod_công vi?c (này)ra_VERB_O_V_acl:subj_công vi?c (ra)gi?i quy?t_VERB_O_V_xcomp_ra (gi?i quy?t)theo_ADP_O_Pre_case_quy ??nh (theo)quy ??nh_NOUN_O_N_obl_gi?i quy?t (quy ??nh)c?a_ADP_O_Pre_case_Hi?n (c?a)Hi?n_NOUN_O_N_nmod:poss_quy ??nh (Hi?n)ch??ng;_NOUN_O_N_compound_Hi?n (ch??ng;)tuy nhiê_VERB_O_V_acl:subj_Hi?n (tuy nhiê)n,_SCONJ_O_SC_mark_liên quan (n,)nguyên t?c_NOUN_O_N_nsubj_liên quan (nguyên t?c)này_PRON_O_Pro_det:pmod_nguyên t?c (này)không_ADV_O_Adv_advmod:neg_liên quan (không)liên quan_VERB_O_V_conj_??a (liên quan)??n_ADP_O_Pre_case_vi?c (??n)vi?c_NOUN_O_N_obl:comp_liên quan (vi?c)thi hành_VERB_O_V_compound:vmod_vi?c (thi hành)thi hành
"
0,"but_CCONJ_O_CC_cc_prejudice (but)this_DET_O_DT_det_principle (this)principle_NOUN_O_NN_nsubj_prejudice (principle)shall_AUX_O_MD_aux_prejudice (shall)not_PART_O_RB_advmod_prejudice (not)prejudice_VERB_O_VB_root_. (prejudice)the_DET_O_DT_det_application (the)application_NOUN_O_NN_obj_prejudice (application)of_ADP_O_IN_case_measures (of)enforcement_NOUN_O_NN_compound_measures (enforcement)measures_NOUN_O_NNS_nmod_application (measure)under_ADP_O_IN_case_Chapter (under)Chapter_PROPN_B-LAW_NNP_nmod_measures (Chapter)Vll_PROPN_E-LAW_NNP_flat_Chapter (Vll)._PUNCT_O_._punct_prejudice (.).
","nh?ng_DET_O_Det_det_pháp c??ng (nh?ng)bi?n_NOUN_O_Nc_clf_nh?ng (bi?n)pháp c??ng_NOUN_O_N_nsubj_nói (pháp c??ng)ch?_VERB_O_V_compound:vmod_pháp c??ng (ch?)nói_VERB_O_V_root_. (nói)?_ADP_O_Pre_case_ch??ng (?)ch??ng_NOUN_O_N_obl_nói (ch??ng)VII_NUM_O_Num_nummod_ch??ng (VII)._PUNCT_O_._punct_nói (.).
"
